[{"pk": 1, "model": "auth.permission", "fields": {"codename": "add_permission", "name": "Can add permission", "content_type": 1}}, {"pk": 2, "model": "auth.permission", "fields": {"codename": "change_permission", "name": "Can change permission", "content_type": 1}}, {"pk": 3, "model": "auth.permission", "fields": {"codename": "delete_permission", "name": "Can delete permission", "content_type": 1}}, {"pk": 4, "model": "auth.permission", "fields": {"codename": "add_group", "name": "Can add group", "content_type": 2}}, {"pk": 5, "model": "auth.permission", "fields": {"codename": "change_group", "name": "Can change group", "content_type": 2}}, {"pk": 6, "model": "auth.permission", "fields": {"codename": "delete_group", "name": "Can delete group", "content_type": 2}}, {"pk": 7, "model": "auth.permission", "fields": {"codename": "add_user", "name": "Can add user", "content_type": 3}}, {"pk": 8, "model": "auth.permission", "fields": {"codename": "change_user", "name": "Can change user", "content_type": 3}}, {"pk": 9, "model": "auth.permission", "fields": {"codename": "delete_user", "name": "Can delete user", "content_type": 3}}, {"pk": 10, "model": "auth.permission", "fields": {"codename": "add_contenttype", "name": "Can add content type", "content_type": 4}}, {"pk": 11, "model": "auth.permission", "fields": {"codename": "change_contenttype", "name": "Can change content type", "content_type": 4}}, {"pk": 12, "model": "auth.permission", "fields": {"codename": "delete_contenttype", "name": "Can delete content type", "content_type": 4}}, {"pk": 13, "model": "auth.permission", "fields": {"codename": "add_session", "name": "Can add session", "content_type": 5}}, {"pk": 14, "model": "auth.permission", "fields": {"codename": "change_session", "name": "Can change session", "content_type": 5}}, {"pk": 15, "model": "auth.permission", "fields": {"codename": "delete_session", "name": "Can delete session", "content_type": 5}}, {"pk": 16, "model": "auth.permission", "fields": {"codename": "add_site", "name": "Can add site", "content_type": 6}}, {"pk": 17, "model": "auth.permission", "fields": {"codename": "change_site", "name": "Can change site", "content_type": 6}}, {"pk": 18, "model": "auth.permission", "fields": {"codename": "delete_site", "name": "Can delete site", "content_type": 6}}, {"pk": 19, "model": "auth.permission", "fields": {"codename": "add_logentry", "name": "Can add log entry", "content_type": 7}}, {"pk": 20, "model": "auth.permission", "fields": {"codename": "change_logentry", "name": "Can change log entry", "content_type": 7}}, {"pk": 21, "model": "auth.permission", "fields": {"codename": "delete_logentry", "name": "Can delete log entry", "content_type": 7}}, {"pk": 22, "model": "auth.permission", "fields": {"codename": "add_staruser", "name": "Can add user", "content_type": 8}}, {"pk": 23, "model": "auth.permission", "fields": {"codename": "change_staruser", "name": "Can change user", "content_type": 8}}, {"pk": 24, "model": "auth.permission", "fields": {"codename": "delete_staruser", "name": "Can delete user", "content_type": 8}}, {"pk": 25, "model": "auth.permission", "fields": {"codename": "add_academicinstitution", "name": "Can add academic institution", "content_type": 9}}, {"pk": 26, "model": "auth.permission", "fields": {"codename": "change_academicinstitution", "name": "Can change academic institution", "content_type": 9}}, {"pk": 27, "model": "auth.permission", "fields": {"codename": "delete_academicinstitution", "name": "Can delete academic institution", "content_type": 9}}, {"pk": 28, "model": "auth.permission", "fields": {"codename": "add_faculty", "name": "Can add faculty", "content_type": 10}}, {"pk": 29, "model": "auth.permission", "fields": {"codename": "change_faculty", "name": "Can change faculty", "content_type": 10}}, {"pk": 30, "model": "auth.permission", "fields": {"codename": "delete_faculty", "name": "Can delete faculty", "content_type": 10}}, {"pk": 31, "model": "auth.permission", "fields": {"codename": "add_academicprogram", "name": "Can add academic program", "content_type": 11}}, {"pk": 32, "model": "auth.permission", "fields": {"codename": "change_academicprogram", "name": "Can change academic program", "content_type": 11}}, {"pk": 33, "model": "auth.permission", "fields": {"codename": "delete_academicprogram", "name": "Can delete academic program", "content_type": 11}}, {"pk": 34, "model": "auth.permission", "fields": {"codename": "add_course", "name": "Can add course", "content_type": 12}}, {"pk": 35, "model": "auth.permission", "fields": {"codename": "change_course", "name": "Can change course", "content_type": 12}}, {"pk": 36, "model": "auth.permission", "fields": {"codename": "delete_course", "name": "Can delete course", "content_type": 12}}, {"pk": 37, "model": "auth.permission", "fields": {"codename": "add_academicrequirement", "name": "Can add academic requirement", "content_type": 13}}, {"pk": 38, "model": "auth.permission", "fields": {"codename": "change_academicrequirement", "name": "Can change academic requirement", "content_type": 13}}, {"pk": 39, "model": "auth.permission", "fields": {"codename": "delete_academicrequirement", "name": "Can delete academic requirement", "content_type": 13}}, {"pk": 40, "model": "auth.permission", "fields": {"codename": "add_section", "name": "Can add section", "content_type": 14}}, {"pk": 41, "model": "auth.permission", "fields": {"codename": "change_section", "name": "Can change section", "content_type": 14}}, {"pk": 42, "model": "auth.permission", "fields": {"codename": "delete_section", "name": "Can delete section", "content_type": 14}}, {"pk": 43, "model": "auth.permission", "fields": {"codename": "add_building", "name": "Can add building", "content_type": 15}}, {"pk": 44, "model": "auth.permission", "fields": {"codename": "change_building", "name": "Can change building", "content_type": 15}}, {"pk": 45, "model": "auth.permission", "fields": {"codename": "delete_building", "name": "Can delete building", "content_type": 15}}, {"pk": 46, "model": "auth.permission", "fields": {"codename": "add_facility", "name": "Can add facility", "content_type": 16}}, {"pk": 47, "model": "auth.permission", "fields": {"codename": "change_facility", "name": "Can change facility", "content_type": 16}}, {"pk": 48, "model": "auth.permission", "fields": {"codename": "delete_facility", "name": "Can delete facility", "content_type": 16}}, {"pk": 49, "model": "auth.permission", "fields": {"codename": "add_scheduleitem", "name": "Can add schedule item", "content_type": 17}}, {"pk": 50, "model": "auth.permission", "fields": {"codename": "change_scheduleitem", "name": "Can change schedule item", "content_type": 17}}, {"pk": 51, "model": "auth.permission", "fields": {"codename": "delete_scheduleitem", "name": "Can delete schedule item", "content_type": 17}}, {"pk": 52, "model": "auth.permission", "fields": {"codename": "add_student", "name": "Can add student", "content_type": 18}}, {"pk": 53, "model": "auth.permission", "fields": {"codename": "change_student", "name": "Can change student", "content_type": 18}}, {"pk": 54, "model": "auth.permission", "fields": {"codename": "delete_student", "name": "Can delete student", "content_type": 18}}, {"pk": 55, "model": "auth.permission", "fields": {"codename": "add_studentrecord", "name": "Can add student record", "content_type": 19}}, {"pk": 56, "model": "auth.permission", "fields": {"codename": "change_studentrecord", "name": "Can change student record", "content_type": 19}}, {"pk": 57, "model": "auth.permission", "fields": {"codename": "delete_studentrecord", "name": "Can delete student record", "content_type": 19}}, {"pk": 58, "model": "auth.permission", "fields": {"codename": "add_studentrecordentry", "name": "Can add student record entry", "content_type": 20}}, {"pk": 59, "model": "auth.permission", "fields": {"codename": "change_studentrecordentry", "name": "Can change student record entry", "content_type": 20}}, {"pk": 60, "model": "auth.permission", "fields": {"codename": "delete_studentrecordentry", "name": "Can delete student record entry", "content_type": 20}}, {"pk": 61, "model": "auth.permission", "fields": {"codename": "add_registration", "name": "Can add registration", "content_type": 21}}, {"pk": 62, "model": "auth.permission", "fields": {"codename": "change_registration", "name": "Can change registration", "content_type": 21}}, {"pk": 63, "model": "auth.permission", "fields": {"codename": "delete_registration", "name": "Can delete registration", "content_type": 21}}, {"pk": 64, "model": "auth.permission", "fields": {"codename": "add_professor", "name": "Can add professor", "content_type": 22}}, {"pk": 65, "model": "auth.permission", "fields": {"codename": "change_professor", "name": "Can change professor", "content_type": 22}}, {"pk": 66, "model": "auth.permission", "fields": {"codename": "delete_professor", "name": "Can delete professor", "content_type": 22}}, {"pk": 67, "model": "auth.permission", "fields": {"codename": "add_registrar", "name": "Can add registrar", "content_type": 23}}, {"pk": 68, "model": "auth.permission", "fields": {"codename": "change_registrar", "name": "Can change registrar", "content_type": 23}}, {"pk": 69, "model": "auth.permission", "fields": {"codename": "delete_registrar", "name": "Can delete registrar", "content_type": 23}}, {"pk": 70, "model": "auth.permission", "fields": {"codename": "add_director", "name": "Can add director", "content_type": 24}}, {"pk": 71, "model": "auth.permission", "fields": {"codename": "change_director", "name": "Can change director", "content_type": 24}}, {"pk": 72, "model": "auth.permission", "fields": {"codename": "delete_director", "name": "Can delete director", "content_type": 24}}, {"pk": 73, "model": "auth.permission", "fields": {"codename": "add_prerequisite", "name": "Can add prerequisite", "content_type": 25}}, {"pk": 74, "model": "auth.permission", "fields": {"codename": "change_prerequisite", "name": "Can change prerequisite", "content_type": 25}}, {"pk": 75, "model": "auth.permission", "fields": {"codename": "delete_prerequisite", "name": "Can delete prerequisite", "content_type": 25}}, {"pk": 76, "model": "auth.permission", "fields": {"codename": "add_corequisite", "name": "Can add corequisite", "content_type": 26}}, {"pk": 77, "model": "auth.permission", "fields": {"codename": "change_corequisite", "name": "Can change corequisite", "content_type": 26}}, {"pk": 78, "model": "auth.permission", "fields": {"codename": "delete_corequisite", "name": "Can delete corequisite", "content_type": 26}}, {"pk": 79, "model": "auth.permission", "fields": {"codename": "add_lab", "name": "Can add lab", "content_type": 27}}, {"pk": 80, "model": "auth.permission", "fields": {"codename": "change_lab", "name": "Can change lab", "content_type": 27}}, {"pk": 81, "model": "auth.permission", "fields": {"codename": "delete_lab", "name": "Can delete lab", "content_type": 27}}, {"pk": 82, "model": "auth.permission", "fields": {"codename": "add_tutorial", "name": "Can add tutorial", "content_type": 28}}, {"pk": 83, "model": "auth.permission", "fields": {"codename": "change_tutorial", "name": "Can change tutorial", "content_type": 28}}, {"pk": 84, "model": "auth.permission", "fields": {"codename": "delete_tutorial", "name": "Can delete tutorial", "content_type": 28}}, {"pk": 85, "model": "auth.permission", "fields": {"codename": "add_lecture", "name": "Can add lecture", "content_type": 29}}, {"pk": 86, "model": "auth.permission", "fields": {"codename": "change_lecture", "name": "Can change lecture", "content_type": 29}}, {"pk": 87, "model": "auth.permission", "fields": {"codename": "delete_lecture", "name": "Can delete lecture", "content_type": 29}}, {"pk": 88, "model": "auth.permission", "fields": {"codename": "add_scheduleconstraintset", "name": "Can add schedule constraint set", "content_type": 30}}, {"pk": 89, "model": "auth.permission", "fields": {"codename": "change_scheduleconstraintset", "name": "Can change schedule constraint set", "content_type": 30}}, {"pk": 90, "model": "auth.permission", "fields": {"codename": "delete_scheduleconstraintset", "name": "Can delete schedule constraint set", "content_type": 30}}, {"pk": 91, "model": "auth.permission", "fields": {"codename": "add_scheduleconstraint", "name": "Can add schedule constraint", "content_type": 31}}, {"pk": 92, "model": "auth.permission", "fields": {"codename": "change_scheduleconstraint", "name": "Can change schedule constraint", "content_type": 31}}, {"pk": 93, "model": "auth.permission", "fields": {"codename": "delete_scheduleconstraint", "name": "Can delete schedule constraint", "content_type": 31}}, {"pk": 94, "model": "auth.permission", "fields": {"codename": "add_calculatedschedule", "name": "Can add calculated schedule", "content_type": 32}}, {"pk": 95, "model": "auth.permission", "fields": {"codename": "change_calculatedschedule", "name": "Can change calculated schedule", "content_type": 32}}, {"pk": 96, "model": "auth.permission", "fields": {"codename": "delete_calculatedschedule", "name": "Can delete calculated schedule", "content_type": 32}}, {"pk": 1, "model": "auth.user", "fields": {"username": "admin", "first_name": "", "last_name": "", "is_active": true, "is_superuser": true, "is_staff": true, "last_login": "2013-09-25T18:32:32.469Z", "groups": [], "user_permissions": [], "password": "pbkdf2_sha256$10000$akVPtyUeBX7h$WLogiQtpgtsrae064TNowq8SsCrdgT6YXfxs9Exl2tY=", "email": "admin@email.com", "date_joined": "2013-09-24T13:47:40.196Z"}}, {"pk": 2, "model": "auth.user", "fields": {"username": "student_user1", "first_name": "Student", "last_name": "User1", "is_active": true, "is_superuser": false, "is_staff": false, "last_login": "2013-09-24T13:47:55Z", "groups": [], "user_permissions": [], "password": "password", "email": "test.user1@encs.concordia.ca", "date_joined": "2013-09-24T13:47:55Z"}}, {"pk": 3, "model": "auth.user", "fields": {"username": "student_user2", "first_name": "Student", "last_name": "User2", "is_active": true, "is_superuser": false, "is_staff": false, "last_login": "2013-09-24T13:48:27Z", "groups": [], "user_permissions": [], "password": "password", "email": "student.user2@encs.concordia.ca", "date_joined": "2013-09-24T13:48:27Z"}}, {"pk": "js1ueieozve2aelwr5e91pzh8isvq5zf", "model": "sessions.session", "fields": {"expire_date": "2013-10-09T18:32:32.472Z", "session_data": "MjgzYWI0NzM1MDRhYjExNTE5ZjUyZmQxZWY2MmFiMjRhYzNmY2Y3MDqAAn1xAShVEl9hdXRoX3VzZXJfYmFja2VuZHECVSlkamFuZ28uY29udHJpYi5hdXRoLmJhY2tlbmRzLk1vZGVsQmFja2VuZHEDVQ1fYXV0aF91c2VyX2lkcQRLAXUu"}}, {"pk": "mb3k643kccf34q7vd3kbjcqevxzncrej", "model": "sessions.session", "fields": {"expire_date": "2013-10-08T13:47:50.478Z", "session_data": "MjgzYWI0NzM1MDRhYjExNTE5ZjUyZmQxZWY2MmFiMjRhYzNmY2Y3MDqAAn1xAShVEl9hdXRoX3VzZXJfYmFja2VuZHECVSlkamFuZ28uY29udHJpYi5hdXRoLmJhY2tlbmRzLk1vZGVsQmFja2VuZHEDVQ1fYXV0aF91c2VyX2lkcQRLAXUu"}}, {"pk": 1, "model": "sites.site", "fields": {"domain": "example.com", "name": "example.com"}}, {"pk": 1, "model": "admin.logentry", "fields": {"action_flag": 1, "action_time": "2013-09-24T13:48:27.466Z", "object_repr": "student id#8765432", "object_id": "2", "change_message": "", "user": 1, "content_type": 18}}, {"pk": 2, "model": "admin.logentry", "fields": {"action_flag": 1, "action_time": "2013-09-24T13:48:57.494Z", "object_repr": "student id#9876543", "object_id": "3", "change_message": "", "user": 1, "content_type": 18}}, {"pk": 3, "model": "admin.logentry", "fields": {"action_flag": 1, "action_time": "2013-09-24T14:22:29.996Z", "object_repr": "StudentRecord object", "object_id": "1", "change_message": "", "user": 1, "content_type": 19}}, {"pk": 4, "model": "admin.logentry", "fields": {"action_flag": 1, "action_time": "2013-09-24T14:22:38.774Z", "object_repr": "StudentRecord object", "object_id": "2", "change_message": "", "user": 1, "content_type": 19}}, {"pk": 5, "model": "admin.logentry", "fields": {"action_flag": 1, "action_time": "2013-09-24T14:26:48.645Z", "object_repr": "StudentRecordEntry object", "object_id": "1", "change_message": "", "user": 1, "content_type": 20}}, {"pk": 6, "model": "admin.logentry", "fields": {"action_flag": 1, "action_time": "2013-09-24T14:26:54.789Z", "object_repr": "StudentRecordEntry object", "object_id": "2", "change_message": "", "user": 1, "content_type": 20}}, {"pk": 7, "model": "admin.logentry", "fields": {"action_flag": 1, "action_time": "2013-09-24T14:27:01.236Z", "object_repr": "StudentRecordEntry object", "object_id": "3", "change_message": "", "user": 1, "content_type": 20}}, {"pk": 8, "model": "admin.logentry", "fields": {"action_flag": 2, "action_time": "2013-09-25T18:32:58.270Z", "object_repr": "id#8765432 (Student User1)", "object_id": "2", "change_message": "Changed username, first_name, last_name and email.", "user": 1, "content_type": 18}}, {"pk": 9, "model": "admin.logentry", "fields": {"action_flag": 2, "action_time": "2013-09-25T18:33:30.408Z", "object_repr": "id#9876543 (Student User2)", "object_id": "3", "change_message": "Changed username, first_name and email.", "user": 1, "content_type": 18}}, {"pk": 2, "model": "scheduler.staruser", "fields": {"user_permissions": [], "gender": "M", "date_of_birth": "2013-09-24", "groups": []}}, {"pk": 3, "model": "scheduler.staruser", "fields": {"user_permissions": [], "gender": "F", "date_of_birth": "2013-09-24", "groups": []}}, {"pk": 1, "model": "scheduler.academicinstitution", "fields": {"established_on": "1974-08-24", "name": "Concordia University"}}, {"pk": 2, "model": "scheduler.faculty", "fields": {"university": 1, "name": "Engineering and Computer Science", "description": "Engineering and Computer Science ENCS"}}, {"pk": 1, "model": "scheduler.academicprogram", "fields": {"required_gpa": "2.8", "total_required_credits": 60, "type": "U", "name": "Bachelor of Software Engineering", "faculty": 2}}, {"pk": 2, "model": "scheduler.academicprogram", "fields": {"required_gpa": "2.8", "total_required_credits": 40, "type": "G", "name": "Masters of Software Engineering", "faculty": 2}}, {"pk": 3, "model": "scheduler.academicprogram", "fields": {"required_gpa": "2.8", "total_required_credits": 60, "type": "U", "name": "Bachelors of Computer Science", "faculty": 2}}, {"pk": 4, "model": "scheduler.academicprogram", "fields": {"required_gpa": "2.8", "total_required_credits": 40, "type": "G", "name": "Masters of Computer Science", "faculty": 2}}, {"pk": 1, "model": "scheduler.course", "fields": {"faculty": 2, "name": "ELEC 275", "course_credits": 4, "description": "Principles of Electrical Engineering"}}, {"pk": 2, "model": "scheduler.course", "fields": {"faculty": 2, "name": "ENCS 282", "course_credits": 4, "description": "Technical Writing and Communication"}}, {"pk": 3, "model": "scheduler.course", "fields": {"faculty": 2, "name": "ENGR 201", "course_credits": 4, "description": "Professional Practice and Responsibility"}}, {"pk": 4, "model": "scheduler.course", "fields": {"faculty": 2, "name": "ENGR 202", "course_credits": 4, "description": "Sustainable Development and Environmental Stewardship"}}, {"pk": 5, "model": "scheduler.course", "fields": {"faculty": 2, "name": "ENGR 213", "course_credits": 4, "description": "Applied Ordinary Differential Equations"}}, {"pk": 6, "model": "scheduler.course", "fields": {"faculty": 2, "name": "ENGR 233", "course_credits": 4, "description": "Applied Advanced Calculus"}}, {"pk": 7, "model": "scheduler.course", "fields": {"faculty": 2, "name": "ENGR 301", "course_credits": 4, "description": "Engineering Management Principles and Economics"}}, {"pk": 8, "model": "scheduler.course", "fields": {"faculty": 2, "name": "ENGR 371", "course_credits": 4, "description": "Probability and Statistics in Engineering"}}, {"pk": 9, "model": "scheduler.course", "fields": {"faculty": 2, "name": "ENGR 391", "course_credits": 4, "description": "Numerical Methods in Engineering"}}, {"pk": 10, "model": "scheduler.course", "fields": {"faculty": 2, "name": "ENGR 392", "course_credits": 4, "description": "Impact of Technology on Society"}}, {"pk": 11, "model": "scheduler.course", "fields": {"faculty": 2, "name": "SOEN 228", "course_credits": 4, "description": "System Hardware"}}, {"pk": 12, "model": "scheduler.course", "fields": {"faculty": 2, "name": "SOEN 287", "course_credits": 4, "description": "Web Programming"}}, {"pk": 13, "model": "scheduler.course", "fields": {"faculty": 2, "name": "SOEN 331", "course_credits": 4, "description": "Introduction to Formal Methods for Software Engineering"}}, {"pk": 14, "model": "scheduler.course", "fields": {"faculty": 2, "name": "SOEN 341", "course_credits": 4, "description": "Software Process"}}, {"pk": 15, "model": "scheduler.course", "fields": {"faculty": 2, "name": "SOEN 342", "course_credits": 4, "description": "Software Requirements and Specifications"}}, {"pk": 16, "model": "scheduler.course", "fields": {"faculty": 2, "name": "SOEN 343", "course_credits": 4, "description": "Software Architecture and Design I "}}, {"pk": 17, "model": "scheduler.course", "fields": {"faculty": 2, "name": "SOEN 344", "course_credits": 4, "description": "Software Architecture and Design II"}}, {"pk": 18, "model": "scheduler.course", "fields": {"faculty": 2, "name": "SOEN 345", "course_credits": 4, "description": "Software Testing, Verification and Quality Assurance"}}, {"pk": 19, "model": "scheduler.course", "fields": {"faculty": 2, "name": "SOEN 357", "course_credits": 4, "description": "User Interface Design "}}, {"pk": 20, "model": "scheduler.course", "fields": {"faculty": 2, "name": "SOEN 384", "course_credits": 4, "description": "Management, Measurement and Quality Control"}}, {"pk": 21, "model": "scheduler.course", "fields": {"faculty": 2, "name": "SOEN 385", "course_credits": 4, "description": "Control Systems and Applications "}}, {"pk": 22, "model": "scheduler.course", "fields": {"faculty": 2, "name": "SOEN 390", "course_credits": 4, "description": "Software Engineering Team Design Project"}}, {"pk": 23, "model": "scheduler.course", "fields": {"faculty": 2, "name": "SOEN 490", "course_credits": 4, "description": "Capstone Software Engineering Design Project"}}, {"pk": 1, "model": "scheduler.academicrequirement", "fields": {"academic_program": 1, "required_credits": 30, "name": "Engineering Core", "allowable_courses": [1, 2, 3, 4, 5, 6, 7, 8, 9, 10]}}, {"pk": 2, "model": "scheduler.academicrequirement", "fields": {"academic_program": 1, "required_credits": 66, "name": "Software Engineering Core", "allowable_courses": [11, 12, 13, 14, 15, 16, 17, 18, 19, 20, 21, 22, 23]}}, {"pk": 1, "model": "scheduler.building", "fields": {"province": "QC", "city": "Montreal", "name": "Hall Building", "country": "CANADA", "postal_code": "H3C5M1", "address": "1455 De Maisonneuve W."}}, {"pk": 2, "model": "scheduler.student", "fields": {"user_permissions": [], "program": 1, "type": "U", "groups": [], "student_identifier": "8765432"}}, {"pk": 3, "model": "scheduler.student", "fields": {"user_permissions": [], "program": 1, "type": "U", "groups": [], "student_identifier": "9876543"}}, {"pk": 1, "model": "scheduler.studentrecord", "fields": {"standing": "Good", "gpa": "4", "student": 2}}, {"pk": 2, "model": "scheduler.studentrecord", "fields": {"standing": "Good", "gpa": "3.8", "student": 3}}, {"pk": 1, "model": "scheduler.studentrecordentry", "fields": {"course": 1, "result_grade": "4", "student_record": 1}}, {"pk": 2, "model": "scheduler.studentrecordentry", "fields": {"course": 2, "result_grade": "3.8", "student_record": 1}}, {"pk": 3, "model": "scheduler.studentrecordentry", "fields": {"course": 3, "result_grade": "2.9", "student_record": 1}}]