[{"pk": 1, "model": "auth.user", "fields": {"username": "admin", "first_name": "", "last_name": "", "is_active": true, "is_superuser": true, "is_staff": true, "last_login": "2013-09-24T13:47:50.476Z", "groups": [], "user_permissions": [], "password": "pbkdf2_sha256$10000$akVPtyUeBX7h$WLogiQtpgtsrae064TNowq8SsCrdgT6YXfxs9Exl2tY=", "email": "admin@email.com", "date_joined": "2013-09-24T13:47:40.196Z"}}, {"pk": 2, "model": "auth.user", "fields": {"username": "testuser", "first_name": "Test", "last_name": "User", "is_active": true, "is_superuser": false, "is_staff": false, "last_login": "2013-09-24T13:47:55Z", "groups": [], "user_permissions": [], "password": "password", "email": "test.user@encs.concordia.ca", "date_joined": "2013-09-24T13:47:55Z"}}, {"pk": 3, "model": "auth.user", "fields": {"username": "testuser2", "first_name": "Test", "last_name": "User2", "is_active": true, "is_superuser": false, "is_staff": false, "last_login": "2013-09-24T13:48:27Z", "groups": [], "user_permissions": [], "password": "password", "email": "test.user2@encs.concordia.ca", "date_joined": "2013-09-24T13:48:27Z"}}, {"pk": "mb3k643kccf34q7vd3kbjcqevxzncrej", "model": "sessions.session", "fields": {"expire_date": "2013-10-08T13:47:50.478Z", "session_data": "MjgzYWI0NzM1MDRhYjExNTE5ZjUyZmQxZWY2MmFiMjRhYzNmY2Y3MDqAAn1xAShVEl9hdXRoX3VzZXJfYmFja2VuZHECVSlkamFuZ28uY29udHJpYi5hdXRoLmJhY2tlbmRzLk1vZGVsQmFja2VuZHEDVQ1fYXV0aF91c2VyX2lkcQRLAXUu"}}, {"pk": 1, "model": "sites.site", "fields": {"domain": "example.com", "name": "example.com"}}, {"pk": 1, "model": "admin.logentry", "fields": {"action_flag": 1, "action_time": "2013-09-24T13:48:27.466Z", "object_repr": "student id#8765432", "object_id": "2", "change_message": "", "user": 1, "content_type": 18}}, {"pk": 2, "model": "admin.logentry", "fields": {"action_flag": 1, "action_time": "2013-09-24T13:48:57.494Z", "object_repr": "student id#9876543", "object_id": "3", "change_message": "", "user": 1, "content_type": 18}}, {"pk": 3, "model": "admin.logentry", "fields": {"action_flag": 1, "action_time": "2013-09-24T14:22:29.996Z", "object_repr": "StudentRecord object", "object_id": "1", "change_message": "", "user": 1, "content_type": 19}}, {"pk": 4, "model": "admin.logentry", "fields": {"action_flag": 1, "action_time": "2013-09-24T14:22:38.774Z", "object_repr": "StudentRecord object", "object_id": "2", "change_message": "", "user": 1, "content_type": 19}}, {"pk": 5, "model": "admin.logentry", "fields": {"action_flag": 1, "action_time": "2013-09-24T14:26:48.645Z", "object_repr": "StudentRecordEntry object", "object_id": "1", "change_message": "", "user": 1, "content_type": 20}}, {"pk": 6, "model": "admin.logentry", "fields": {"action_flag": 1, "action_time": "2013-09-24T14:26:54.789Z", "object_repr": "StudentRecordEntry object", "object_id": "2", "change_message": "", "user": 1, "content_type": 20}}, {"pk": 7, "model": "admin.logentry", "fields": {"action_flag": 1, "action_time": "2013-09-24T14:27:01.236Z", "object_repr": "StudentRecordEntry object", "object_id": "3", "change_message": "", "user": 1, "content_type": 20}}, {"pk": 2, "model": "scheduler.staruser", "fields": {"user_permissions": [], "gender": "M", "date_of_birth": "2013-09-24", "groups": []}}, {"pk": 3, "model": "scheduler.staruser", "fields": {"user_permissions": [], "gender": "F", "date_of_birth": "2013-09-24", "groups": []}}, {"pk": 1, "model": "scheduler.academicinstitution", "fields": {"established_on": "1974-08-24", "name": "Concordia University"}}, {"pk": 2, "model": "scheduler.faculty", "fields": {"university": 1, "name": "Engineering and Computer Science", "description": "Engineering and Computer Science ENCS"}}, {"pk": 1, "model": "scheduler.academicprogram", "fields": {"required_gpa": "2.8", "total_required_credits": 60, "type": "U", "name": "Bachelor of Software Engineering", "faculty": 2}}, {"pk": 2, "model": "scheduler.academicprogram", "fields": {"required_gpa": "2.8", "total_required_credits": 40, "type": "G", "name": "Masters of Software Engineering", "faculty": 2}}, {"pk": 3, "model": "scheduler.academicprogram", "fields": {"required_gpa": "2.8", "total_required_credits": 60, "type": "U", "name": "Bachelors of Computer Science", "faculty": 2}}, {"pk": 4, "model": "scheduler.academicprogram", "fields": {"required_gpa": "2.8", "total_required_credits": 40, "type": "G", "name": "Masters of Computer Science", "faculty": 2}}, {"pk": 1, "model": "scheduler.course", "fields": {"faculty": 2, "name": "ELEC 275", "course_credits": 4, "description": "Principles of Electrical Engineering"}}, {"pk": 2, "model": "scheduler.course", "fields": {"faculty": 2, "name": "ENCS 282", "course_credits": 4, "description": "Technical Writing and Communication"}}, {"pk": 3, "model": "scheduler.course", "fields": {"faculty": 2, "name": "ENGR 201", "course_credits": 4, "description": "Professional Practice and Responsibility"}}, {"pk": 4, "model": "scheduler.course", "fields": {"faculty": 2, "name": "ENGR 202", "course_credits": 4, "description": "Sustainable Development and Environmental Stewardship"}}, {"pk": 5, "model": "scheduler.course", "fields": {"faculty": 2, "name": "ENGR 213", "course_credits": 4, "description": "Applied Ordinary Differential Equations"}}, {"pk": 6, "model": "scheduler.course", "fields": {"faculty": 2, "name": "ENGR 233", "course_credits": 4, "description": "Applied Advanced Calculus"}}, {"pk": 7, "model": "scheduler.course", "fields": {"faculty": 2, "name": "ENGR 301", "course_credits": 4, "description": "Engineering Management Principles and Economics"}}, {"pk": 8, "model": "scheduler.course", "fields": {"faculty": 2, "name": "ENGR 371", "course_credits": 4, "description": "Probability and Statistics in Engineering"}}, {"pk": 9, "model": "scheduler.course", "fields": {"faculty": 2, "name": "ENGR 391", "course_credits": 4, "description": "Numerical Methods in Engineering"}}, {"pk": 10, "model": "scheduler.course", "fields": {"faculty": 2, "name": "ENGR 392", "course_credits": 4, "description": "Impact of Technology on Society"}}, {"pk": 11, "model": "scheduler.course", "fields": {"faculty": 2, "name": "SOEN 228", "course_credits": 4, "description": "System Hardware"}}, {"pk": 12, "model": "scheduler.course", "fields": {"faculty": 2, "name": "SOEN 287", "course_credits": 4, "description": "Web Programming"}}, {"pk": 13, "model": "scheduler.course", "fields": {"faculty": 2, "name": "SOEN 331", "course_credits": 4, "description": "Introduction to Formal Methods for Software Engineering"}}, {"pk": 14, "model": "scheduler.course", "fields": {"faculty": 2, "name": "SOEN 341", "course_credits": 4, "description": "Software Process"}}, {"pk": 15, "model": "scheduler.course", "fields": {"faculty": 2, "name": "SOEN 342", "course_credits": 4, "description": "Software Requirements and Specifications"}}, {"pk": 16, "model": "scheduler.course", "fields": {"faculty": 2, "name": "SOEN 343", "course_credits": 4, "description": "Software Architecture and Design I "}}, {"pk": 17, "model": "scheduler.course", "fields": {"faculty": 2, "name": "SOEN 344", "course_credits": 4, "description": "Software Architecture and Design II"}}, {"pk": 18, "model": "scheduler.course", "fields": {"faculty": 2, "name": "SOEN 345", "course_credits": 4, "description": "Software Testing, Verification and Quality Assurance"}}, {"pk": 19, "model": "scheduler.course", "fields": {"faculty": 2, "name": "SOEN 357", "course_credits": 4, "description": "User Interface Design "}}, {"pk": 20, "model": "scheduler.course", "fields": {"faculty": 2, "name": "SOEN 384", "course_credits": 4, "description": "Management, Measurement and Quality Control"}}, {"pk": 21, "model": "scheduler.course", "fields": {"faculty": 2, "name": "SOEN 385", "course_credits": 4, "description": "Control Systems and Applications "}}, {"pk": 22, "model": "scheduler.course", "fields": {"faculty": 2, "name": "SOEN 390", "course_credits": 4, "description": "Software Engineering Team Design Project"}}, {"pk": 23, "model": "scheduler.course", "fields": {"faculty": 2, "name": "SOEN 490", "course_credits": 4, "description": "Capstone Software Engineering Design Project"}}, {"pk": 1, "model": "scheduler.academicrequirement", "fields": {"academic_program": 1, "required_credits": 30, "name": "Engineering Core", "allowable_courses": [1, 2, 3, 4, 5, 6, 7, 8, 9, 10]}}, {"pk": 2, "model": "scheduler.academicrequirement", "fields": {"academic_program": 1, "required_credits": 66, "name": "Software Engineering Core", "allowable_courses": [11, 12, 13, 14, 15, 16, 17, 18, 19, 20, 21, 22, 23]}}, {"pk": 1, "model": "scheduler.building", "fields": {"province": "QC", "city": "Montreal", "name": "Hall Building", "country": "CANADA", "postal_code": "H3C5M1", "address": "1455 De Maisonneuve W."}}, {"pk": 2, "model": "scheduler.student", "fields": {"user_permissions": [], "program": 1, "type": "U", "groups": [], "student_identifier": "8765432"}}, {"pk": 3, "model": "scheduler.student", "fields": {"user_permissions": [], "program": 1, "type": "U", "groups": [], "student_identifier": "9876543"}}, {"pk": 1, "model": "scheduler.studentrecord", "fields": {"standing": "Good", "gpa": "4", "student": 2}}, {"pk": 2, "model": "scheduler.studentrecord", "fields": {"standing": "Good", "gpa": "3.8", "student": 3}}, {"pk": 1, "model": "scheduler.studentrecordentry", "fields": {"course": 1, "result_grade": "4", "student_record": 1}}, {"pk": 2, "model": "scheduler.studentrecordentry", "fields": {"course": 2, "result_grade": "3.8", "student_record": 1}}, {"pk": 3, "model": "scheduler.studentrecordentry", "fields": {"course": 3, "result_grade": "2.9", "student_record": 1}}]